timestamp,latitude,longitude,decoded_value
2025-08-27T21:40:58.000Z,37.7885333,-122.3857333,"<START IMG> filename: 2025-08-27T21:40:05Z_image_compressed.heic, timestamp: 2025-08-27T21:40:08Z, length: 22
"
2025-08-27T21:41:02.000Z,37.78855,-122.3857333,"<I0>AAAAHGZ0eXBoZWljAAAAAG1pZjFoZWljbWlhZgAAAYRtZXRhAAAAAAAAACFoZGxyAAAAAAAAAABwaWN0AAAAAAAAAAAAAAAAAAAAAA5waXRtAAAAAAABAAAANGlsb2MAAAAAREAAAgABAAAAAAGoAAEAAAAAAAAQyQACAAAAABJxAAEAAAAAAAAA4wAAADhpaW5mAAAAAAACAAAAFWluZmUCAAAAAAEAAGh2YzEAAAAAFWluZmUCAAABAAIAAEV4aWYAAAAAw2lwcnAAAAClaXBjbwAAAHlodmNDAQNwAAAA
"
2025-08-27T21:41:06.000Z,37.7885667,-122.38575,"<I1>AAAAAAAAWvAA/P34+AAADwMgAAEAGEABDAH//wNwAAADAJAAAAMAAAMAWroCQCEAAQAsQgEBA3AAAAMAkAAAAwAAAwBaoAUCAKBZbqSSmubgIaDAgAAAAwCAAAADAIQiAAEAB0QBwXKwYkAAAAAUaXNwZQAAAAAAAAKAAAACgAAAABBwaXhpAAAAAAMICAgAAAAWaXBtYQAAAAAAAAABAAEDgQIDAAAAGmlyZWYAAAAAAAAADmNkc2MAAgABAAEAABG0bWRhdAAAEMUoAa8IRQoPw/EcgukqrWsueiD5q8jG
"
2025-08-27T21:41:10.000Z,37.78855,-122.38575,"<I2>AXrmc+U/+czgERI00esCbiOg0+K+g8Rw1bAywokewriuCvdn7T4NTTM/YBzGA6MBVP+eY56NucWHgSHo0rjkSYQNFatn8PhGXjMausQY947htWW3FEI1famGOrBvS/xzQgYAwlwwFtI1T6HUPDL+AFjoLkFvnyytULxpwNMoulyCIxqgWHPCuKu+4QkC0ZvPSCOuhFlPqgzLYc0yUJIeh7F27iJzlzAgYfz1yF6+zjTDtHJ92CNUe+1tfeiUMzwV+Jo9oCzDtL4VEeMaPCJO6FxJh6NC6CnkiT+w+iSnC4x/
"
2025-08-27T21:41:15.000Z,37.78855,-122.38575,"<I3>SpdX8ONJHZx3lwsAb0Xe6UGeL9Zz7i1Cwm/MkdNu3gSK44k/ZFx9rim3pO3IBpZsUQaQSegwxDRt9U5HUB6xMdXNGdqB0nTDjwdor9gcY/mPFZhf8ZQoJGpJLoR4eIOQTnHjRtlwSRcMg1csrvXdghhjXkHW7ySokZfqf45wVRVNB8TtISAjBt5CExbMpZYAlGlVXhnqMI8Qymz+qGMe1XU1828MQhcQsPwlJ/ABPz0oVrDj8/IA6lDE7ljSE7tvwDlqwGPvS1bW9JyLddu9wlbT9Ky+YT6vTDOJWYipQXxO
"
2025-08-27T21:41:20.000Z,37.78855,-122.3857333,"<I4>14dePZZP9qBOagrH4fJTsHyKpXZX027dSW3irxhhqDwOXcNwqAHTJ+NuJx7svAq1QDMRfR9ktafki3Qf3CY6jK4Ma3u75BPQHqRKrH6yThD2tG2c90WcQHlqfgfp+yIoRHt00La/91Pl/h1d+KraTCvdIBFTHQgeaZ5bsYQKhMAYqAgf8BG4Nw75u3naAMaJvc7oK9U6ZN5Url/pRhTDwHMhjvU/grDiliob9ly71MqYkrRamnmMlSUAZBif3Qqb8Rtui5GBk6OS+84FWmvs6tCcLA5VAvf246BapTYvkPOd
"
2025-08-27T21:41:25.000Z,37.7885333,-122.3857333,"<I5>oXLFDusvgsJHHUbtMt3RujWGrb4nritqj+up/t9cHYLSmzDGHFWdQW+kv/3kVgMTkIMdZ8O6086tc6NGDF3g9dyW4Mr4OX+LIcgeTUVwnro3L3UI8fs+rmrEx+mF7TuXUTCIq5L73MVcslpexx82sJ863yJdniTXIdBDujsvaawjM1bRQ1cfCHHfCf+dC0IZr+uLxFw/1fv597vem7tUMFrLHLvTGVJMqF1+f1tJdZ8cfe9TWIx7nejx4RmtVfJkIgSy5XyFDMsZ6vs8cBMYkYd82AIcoQO6kSSxIEzdDcH0
"
2025-08-27T21:41:30.000Z,37.7885333,-122.3857333,"<I6>9+ttZ444U8lHJwU0f08SRZ8wP0YiDhhMB8EaHc9bZ/M/svHVOJshmyJFBtAqZEFSrYkTYF+UnqFf7a73VxJolXKioFZgqTPgeMAm3Dr3wPHiUbojNTCDZ0yJreeu19XJZgicFNMM+9YDzQo+00fsFTCH8iCnUfVmcRLJKUWPLPXJV+jG/E6mv3MhIp0F7c8draw03/9DS2FAnT3phSkMFmG5eZSNB26GuceIu0NdflMFCptlSdhOBau0CqtZROvmTeCX9eVq0m5I9teLxTje6b9dMxrhIUBqJO8cByopHKNf
"
2025-08-27T21:41:35.000Z,37.7885333,-122.3857333,"<I7>J9Y7XYEdenjfk2d1es6kgetsPKK4QpGUIlayDz7lVo1eUAO6DagwGIPzOjLHz4LvyqQdNJY6OiweL/RLzjWQ934EwKiupYfTOFhdjcP5VTHVJXBzhH+4jqzpMJ9UrOUnTlBJtA2h9WdAZxqAEXnaNtFK3AICZjurdJiBNi/3NZFVJfYfO1XhNbwv2twvKVNMWMrflFJYq0Uq9y3ua3qS5lwbVwn12hoH2c47lVktUQ7G4qAsg3PVQzN7WO/DZ6fwwrP0QIyXadh3lyIX/Wst+Ju/cPcMklOqDnvhHGM1CB8W
"
2025-08-27T21:41:40.000Z,37.7885167,-122.3857333,"<I8>W7X6wvhmC88kaLN1hi+GY2L88DJ0TFT3AYD7cteTrYUsG/iJIhBpSzLrIyD+NVdTqd2fIgUu/7IPxZa5FgmsuRPFKGSOxhG74lkyJ0U2sFruodrjvM+CSPKuVNST4W1URg4T0SN3zQIRMLea2NCAGVWocIAUnwpL/cGp0vo4cndjG13ewcqhRTHudxVqIZ9Ky/XjcpwkKCPmfWzj1R4l4glR3fsS0//1F4qhxDVIlJPpEollKfyr5MbJ4m4aS1wsq5ez2UsUQ6V6wsdvmDt2CrIf1gGJ4hgy9zUOtwncS0iw
"
2025-08-27T21:41:45.000Z,37.7885167,-122.3857333,"<I9>g6UJVNpYBxgB7gei/aCT3o/GHd9AvlPBdyDrZR3QyXeLyE/hjMTyQIWH2nvpNUIODLxcDDBax5gweDPFiW9QD4zjgpiXtYrb7V/wo80fOYh/lBsVSY/x/TDdfwlnsc3vVxs93/N6xJ0GAxs8zizqsUMIM9JsTT3VGALq86lkEYUxh5/thOmrm37sPXqD9gfS2uV7/XJSKighoVzLGrEL25YUsx5G2LtxCkQr5KTtBbxTjSoEzgUE9qdWNQD/KBTxVihFd1V5sYCQL22DSBHQ0iGv5yIhmPs+WNRjhb6+v1fO
"
2025-08-27T21:41:51.000Z,37.7885167,-122.3857333,"<I10>u0ZPuYrZxN3BHm0H1SovhTrspjJORi3Q2SGdgertLpx/odfIG8A5xB4BRd2U5oLJZ7b45xYlBIr69aHWfAlmderGnGKE79L0IniEtcdh/IJClhdbCIhjKzAIUxct0IrPUjuF3P2kZdYiZPSjSmj4uFHCoW8TTvDb7nNKjbrE6rvrle3kvJG0LZv1bNHi6oCxxhINvY9NS3uuJa+11guiW+x7+YMwiv8HbzEbd9Zo25GNUn2rQ+AmFh1JaCZxVuyPUwTq7urrM/+ld+k3ty9OCKnzisMfqeCioc7FRWiJ9O/f
"
2025-08-27T21:41:55.000Z,37.7885167,-122.3857333,"<I11>7LtPnwxLLzepqtIPE8O3Zo05f/Pj+V1IxrLKFHRUeDw0iEKUVBsGg80NzI1rIit7tcTD3f8UfcYD0gjZBtWhD/LGBjg1iaD4M4MkEoa2LS540tMRZUvQ9lncPGWQHQYEVAQ4n0DL24mfQVX7UbXstB9D/uXDGhqwqGSHQ34wyYLAUqFWwNAlV69mlUfAdJWISIzWlMDu/EBNPVqiNOooxQo7/aOxkuv9IfN0rWDAH3tQMgNAKWDmDfDVy5QNQr6khchMh/lgrZdEHUL3jMY07mP/8U+GhkA/XmVQ/U3kvlQ4
"
2025-08-27T21:42:00.000Z,37.7885167,-122.3857333,"<I12>Un6IFLA4yN6DaOZSEuIv0jGeSi3G1V3Cq+jBbXI1dtQwv9Oaek0u/fAxlmllrzxp8tzLWLEC7GRtu4tPiGuwk7dStOLkGZaneoHUsu0kXRYyoUSG68cc7BWYQ9xgkbc11UKGy/z0WNj+Xhs/i1KRYL9n7zw7Df6ZCs/cxwDpf74bDrT13lRZqfgr8x0VuNoax2+hhdEHjD+qAMhBfCQR2MnxHGI1KSHgsPD2X8Fd+3yqaVPmGrSuKlN6LmEZEG0opl15K6ImhGmPsB7Y5HGfgppLqUL4P7Nkv0Q1LsYiOWSS
"
2025-08-27T21:42:05.000Z,37.7885167,-122.3857333,"<I13>P1UJkyeOLUXfp28RnQPMGujE2L0EcPniNepMxC2OqOwAbPk/f+5Sd+t5sLub1oHIx1PuL/O4s/R6VlzxwHth0LTESM42Sj9nFucaPtq+IddpgjWhYOu2qOpgBEdfSLaOBr29RKEx0u//gMu6nzztglviA5IseNK+sG+jKJfD+m3S9h+wNUgmhsMJZXnAhy7MCDc2+NIea+mUdhOVp2Wc6iD02dH8hFte7VVxQ39GbN8yWJ65DHwHtZQx0SPVuhueGt8rYSGa8rT5bsx7nI8THtsjy1fuvA2NOam9C5ksr+EO
"
2025-08-27T21:42:10.000Z,37.7885167,-122.3857333,"<I14>448IOrhAjO8ByLj1T11bDARsSFWVrLjLTTDauBRXHOlQ6J/ItznvdQJSJrmOHbNhYrrwDj2V9Peuj8KnouLNdIzWbomrgV4Vfl/tCVaUDcXd798x3+MSPAXVyi7crS2GWyCjFgWgQTkKCfPWyqXGE5Qn6Nhcs3nFCN4JnKXw3P3Msi3OHnpH7JDBmR0JhlHC9R/tODuGPSplj70lZ91zM9WV+hygxeBbwwjg0uw3W0VPRplRF3lmWMknJOnnP33TTy2Fr++g3BYEvrbZ6f3z8VgaVkLU7nR+lau8PkiJdUd7
"
2025-08-27T21:42:15.000Z,37.7885333,-122.3857333,"<I15>GYy5WCc6ZnvvjXkc9WF47S5rBOmDi6G8+coKPAR8qryPqr1jhtrVxJ9qMDv7nYQX248aUH95TFZr4qvIGnDbTDOiV6fR2DWcq/niLqouz75D19urpOROYB6LMQvw6gt8xnJIKo16j9v273xhHrY/EDE2tVj8/e5rcJRaX+RSQ9tV9YmuAhmTH1dYmQPSghcc3MxP+vssUr5Xf99rwRMN5c/rvSjk5wLKzJRlkCVfZ+bw7kWq878VVNMq5SI3SFhwjGPprpz5uJviCvhzOehDGrub0J2X0unlij0ROnRKwVtw
"
2025-08-27T21:42:20.000Z,37.7885333,-122.3857333,"<I16>0wCp+3YLeRlCA9b8tC4PQ6o+Y9YHhJTl3k620vwV/vNx4HSrUTbDkWMTIdcv//AGp1FZSjxwyjgYWOhO0xU3+AYIpbxlFVL4PlimMoPrvoJc1YV8aQxN1Jkzpxey0YDi7N8Jil+ur5BAeH6r5VqGSe/429elgr6LdpaqkudWRuqgYkLwZqVQmR87lZvPgoVvRrZjLtUPSucpJxWDIn8Ltx5CH+uAkoM4CZTBfKHu0HzRhxyBL5P0bFtix8odY+Ag++hFXUKlQg7M+JrEmZdtSVNb+QD7o1hgJBCwjOSGaQwo
"
2025-08-27T21:42:25.000Z,37.7885333,-122.3857167,"<I17>42tjPYe/VqTPAuA+N+MYBpo08cPPYl1PZ3gLA9s3k/wj2Mr0uoCdIczQ7oP17469vcoVDbvi8Dnim3W+bnZWDbs1HaVszVBLlmGNUvImSSovU3n4ROnRwgVIUVqqwuzXWIJoYkGBi96+2iq0SH6zCmYRINJszHOu+D9w8Zj14vwiKWXYyJS5CMks/9X7/WLucjP+VYY10CF7aIeQbAc9zHz7UQjXrNLCs4AQhFCLS/ZuGno9uRViZW0YEeLaVjBf9RqkfojUfKKhurAPNc2Z1IQTDPisFjzWWNw8mpipPPKy
"
2025-08-27T21:42:30.000Z,37.7885167,-122.3857167,"<I18>7ivW6PPkEvkDM138x2S0+YD5yhyZWW+qC03x6OmH6RA00nlaFBqCCuij2vNHYIcGwBWN6Z98eyTtZ6qO+1kk7EBwkhcgSObshMBYSI9qppQyqmtHDT44hCJrDe+bbzbZjGQgAzCQ2zjGYJlRzjVulzqkiG36g9wO/ZO3zMYWd/bdTJNeT83DFCMlB4jeGoqKdM7XdXG0N/Uf/coER32hCc3qWnJhYqVVVoefYKf4cfrWHEIpL2LhxFMOPs0Q+MIgUP6Qa/SL6xqZj4RUv218Pmyd/Swk+UpI99CNr9DC80tv
"
2025-08-27T21:42:35.000Z,37.7885167,-122.3857167,"<I19>6QO9djslAVXxm2q/aeBj2JrVXFVe2qXJz8qdO7F7udGyQBaiEjjH1REIpbf/cQDTuu/e4hIHifR91h0jQqTjrcWrNeBKHUVXCC9OJgEDXF76elq6O0Hhh52rP4mva0o7iFyO2yGx7os6BBBAxJ6fkGMzGFSq8cnC4grkgY3OxrWjkKswLSDTvcmO4rqGZc/KH+1cvrEzAzEw/2sTyvRyODcOprvK1IqEQbl+CSHEJjcz9HbYs5oJtF6DsMW2IpCWm7obNEzlLdvvNkoOzfcLVrrL1VqAL6L12A/lmh35tTY1
"
2025-08-27T21:42:40.000Z,37.7885167,-122.3857167,"<I20>ooB+cEeVobHjDia7v8FvVoV9Z6jWSITw4wHin3kOwdUHBhdrvZyal40tYGICxdY4JSa30wICS5BPcVY2oItyuAW/FJQm9w/aSry0AOJ3EeSvTmXOf0dqh0HBJMtsKdD97whwimU/YaRFynXVNuPRJ/iFqaam4Sx5pFtFelMYggtGm8/jwKlMMEBIB2xMMJZAafLiO0Hveim8YIlwHCT6016Q3W54Yg5VpkpsJGoOveFWAFSvo//Ynnn/ewVVZ/QWWP8pplnHWxmqdA3r9wnEhRo+pqgPxYVy1ukB7UAAAAAG
"
2025-08-27T21:42:46.000Z,37.7885167,-122.3857167,"<I21>RXhpZgAATU0AKgAAAAgABQEPAAIAAAANAAAASgEQAAIAAAAiAAAAVwExAAIAAAAKAAAAeQEyAAIAAAAUAAAAg4dpAAQAAAABAAAAlwAAAABSYXNwYmVycnkgUGkAL2Jhc2Uvc29jL2kyYzBtdXgvaTJjQDEvaW14NzA4QDFhAFBpY2FtZXJhMgAyMDI1OjA4OjI3IDE0OjQwOjA1AAADgpoABQAAAAEAAAC9iCcAAwAAAAEAeAAAkAMAAgAAABQAAADFAAAAygAPQkAyMDI1OjA4OjI3IDE0OjQwOjA1AA==
"
2025-08-27T21:42:48.000Z,37.7885167,-122.3857167,"<END IMG>
"
2025-08-27T22:00:58.000Z,37.7885,-122.3857,"<START IMG> filename: 2025-08-27T22:00:05Z_image_compressed.heic, timestamp: 2025-08-27T22:00:08Z, length: 25
"
2025-08-27T22:01:01.000Z,37.7885,-122.3857,"<I0>AAAAHGZ0eXBoZWljAAAAAG1pZjFoZWljbWlhZgAAAYRtZXRhAAAAAAAAACFoZGxyAAAAAAAAAABwaWN0AAAAAAAAAAAAAAAAAAAAAA5waXRtAAAAAAABAAAANGlsb2MAAAAAREAAAgABAAAAAAGoAAEAAAAAAAATHwACAAAAABTHAAEAAAAAAAAA4wAAADhpaW5mAAAAAAACAAAAFWluZmUCAAAAAAEAAGh2YzEAAAAAFWluZmUCAAABAAIAAEV4aWYAAAAAw2lwcnAAAAClaXBjbwAAAHlodmNDAQNwAAAA
"
2025-08-27T22:01:06.000Z,37.7885,-122.3857,"<I1>AAAAAAAAWvAA/P34+AAADwMgAAEAGEABDAH//wNwAAADAJAAAAMAAAMAWroCQCEAAQAsQgEBA3AAAAMAkAAAAwAAAwBaoAUCAKBZbqSSmubgIaDAgAAAAwCAAAADAIQiAAEAB0QBwXKwYkAAAAAUaXNwZQAAAAAAAAKAAAACgAAAABBwaXhpAAAAAAMICAgAAAAWaXBtYQAAAAAAAAABAAEDgQIDAAAAGmlyZWYAAAAAAAAADmNkc2MAAgABAAEAABQKbWRhdAAAExsoAa8IRQoUw0Eci+Dqva+KuCD5q7i4
"
2025-08-27T22:01:10.000Z,37.7885,-122.3857,"<I2>kYIwxWGfZh+gc+dUnGWt1WReJm/Inu4W4Q6eh/AN26NmsM2UL3Z7hTh1iJTD6ESiSzxddapaSFtPa/NWuSyAgUdqjvAUKtG1CdAOqXEzYoCw7K0p4oMzj7LtrmJLPfoBGAAo4eghhgqg9KT+HF/amRRqhPx4BGtYxUjNoi5mSTEKu96JddTttbjv41pzhFU5Yfenhj65CmwNnFKu3jjg8K0SUocz+YriGQwnep97HoCTUfzEM1ggQsK0yW4JE7ZWtvC8eq//3ZTCNBMKQBXL59J0YEVR1KpuUFP1Ir1/o/xM
"
2025-08-27T22:01:15.000Z,37.7885,-122.3857,"<I3>xlVcwvQTGYE4l0byxdF1IxPjDYtEKbaJulxR9bVAdsEOsKwlGlkt7OWPkc8J8aKYq+U/RIuuRKIoisufMoAh0g4ioo91UmOx5Lp1UvMvgbGO3e5a1qSu5Q1s54xO4rs//SOB/hUiLzemaq4vodrP0unYwILrPQiAUNgLquVNOdJJnGtVTqsNGtQpr4s78RSrL+mr+ra8GKtJC+NUHGXn+hHuQZsykXamQwZF1bR5pd1H8EqCaspnXICKvx7F7LDOp4tfaWAFac8AAemQi919Gkto+sF7DXy9w5uwvxnp4TFp
"
2025-08-27T22:01:20.000Z,37.7885,-122.3857,"<I4>/qWzVMAGa0LWHtbT+EAlXRDX2SNV0+pma9C/IWNoc/nUnsC+m76Nd7p2oLlRKi94qjns5YM8WFe2cCaRhPmw8kIMDt3hAI4z7Y/9pNW872fP/0bxHtpFADRo7/AmERVg6DZcdG0wwjxz54v7UfHivzQltVjGHWpp/g8Ijrq/kKHN8YSNziAGh6/TlGwa3EEF5P29u7BuX4jPGMVoVkluZAkg+MuOHKbmEyA/VZeigoSkh1DCn3Eqz+AX43OyGqerGt3zLAopfZNXmvGXOaFtS1MlcWEx7fSv0XI7BEdVvkg8
"
2025-08-27T22:01:25.000Z,37.7884833,-122.3857,"<I5>zNKq7I9K00KDemwW/DGISXSMbzykZo0R1qa7303JZjvJxw7fATzzkFvF0MEMjJeHe83snaqIUKfIYK/t5GYlu5ueuhXCy6i8nTwDEIPLXJ15MHY+9T56vA9QzZutx5pnB5MvQ7ZYVPl2WyIpaa/yfqDsmgToBxUH2Wpr6kh6yR849ipKhUeju0WBN9+HLuF2aN8hjBFdqh29IDC2CK8Es8fwPin7s2Y+9Z83xmFvrpb8oHfoAkVfzkSWZWKVx3fp2eyG7OstDEVxpmeYLUYi1xY2OQn+X2RYABQsQGtOqs5t
"
2025-08-27T22:01:30.000Z,37.7884833,-122.3857,"<I6>61SFPXrJBcPr4LcYCfSX+kyNcD2+SCDzU+TNuaYqwPNaW/vxJMzr5TLIBGCeR3y15U++OE2T5bm4Ym89AUTkN3O8mjRPzmgVfrfRQEOqcXeuFGU+dSEe/qWdjGBhqCMray4g6AACpaSafg8MYCuww37RpiF8ZGf4AVmSgtPbeA8gcu4OrY32cwckDnr0va2Pecd0HpACPqavd5DL+kB6tiFMLmol8E6ePDn6BgO+I6M356nToJicWPZtW6VshZg0yVPzS8homKa6jNdZpBL0RQ4xibmAgNfb+EGBkPlO0FmE
"
2025-08-27T22:01:35.000Z,37.7884833,-122.3857,"<I7>ohgXwY6+I096LZvBgovmMyPpSK3uqGDUbU/wPfZQH9+QFH+TKKGMpvmDO6rO9KjTS0EqYs2IVbRjYOpT0F7HtCgw68dMXyoHmwG6ZX+lZaI/yeE9t8/Azu3UG+vkxVfQlAg5oTPNUjk7LAH1eqE5grNEwtjAUPngkg/6EYXdInD7Yx6EysLWhQmhMjZ1T0XqeNlVNXm6zC9NPKMeOP8Svz7xoldmYHWqiLHjm/rjL/jRSUb6oMhsJwqEEtOvGrwYIn4vslm6vuzryK+GEFRH/m2B/4S7/HrNk8fBtAJvgYZX
"
2025-08-27T22:01:40.000Z,37.7884833,-122.3857,"<I8>4FrsIlFMKjvPP2sprVY3ALYK9S3WNzx5QuhHQPRZxJIRxnYJjn39C8TPm0I+e7tDx8f3zO7hX6PHahwNIq+G7wOVhO8u1B47E/SZdfU9YqWbyUhXdDkAXutcpQtloaEmlB6QjgXCGhaRcvD0sLhXIb7LOa0vjccX3xXF8hzDG4LU3ArNrEjS4eQHfgocll7godLfRJyRLOyf1skh5dLmjtoZ3BihQCYj1mNUc0rML5wE+v3WbegcVjGm3SOyfl5SxsRbr4Vkyx0Wwbb2KnIwBRnaRM1zzb95+KtABSERqsss
"
2025-08-27T22:01:45.000Z,37.7884833,-122.3857,"<I9>wO8swxyPx6g3Pr44VaByxVe95ReLDTdNekVrahBN6RNqoB/duSoWpTplzrbY7+oMldObDkYqdzCPeQh9Jl9B9KN2YqWSRoOV5uRjXONqn6NNa2ugejyMOEKR1PcRZs57a6gmy1aoLY1Jj3ylApRHRdSa6nrclyf/+ZcBRVVamBybCbI65SQDr6y90u5ua1vGGY4RZzXvFP9vM79OPHoeidK42usygPglCmDfvgj12Od9keId6sK4OLaCnK+Y84RNmM+ARWNMV0ieVjl3HjCYw3B44ankAZoKKrnuKUhQjg3Z
"
2025-08-27T22:01:51.000Z,37.7884833,-122.3857,"<I10>a5on/MyPpZpzStY3VT/XIWAyOwjkIuPuOjegUFeOQKsX4A30241ca4pZinYjMCGuIpage6N4dSKoErUVh2niQSFknKrPmNue3CQCY3cOiRqKXKGuzXJaIRrYU/X2lwUNmCi81Wu35Wl1n2LxtkMEEe0Hixb6HiwES72NtHFCh4s/s2Ixl6sH2EgX5jPeMOmI0K4faP3Cd71VOIUz4gOPXjxwWaKwS19QEgnQIuXCba1tcCzxR0fAgI5g5XLKXV8xYqFJsx3SYwPp+Hvc/cm1oX25IHbzHVUW/1HNL6eN+agN
"
2025-08-27T22:01:55.000Z,37.7884833,-122.3857,"<I11>tDf01e8YjQTOfBSNL6FQQNRgFZdMEhOtS1LsyrRpgDZtxRHpzJSKr2Lm62J5AQa+JsR8Mqe9Imw+Vf9uLl1+Oym3hYx0wCSFMHgrkqNStvLXIaTYrjz78LN8PvJQ+I5DD4xdDEgIR9ZzQrxlWnbRkrGwlpDjapE844wtqepkjGn7WeFyKL+ayMifBGqwnn+Udd9urhw60Hb9GOEmE/IGtUbioU6Cxnn4/MDnoQzxcyko8VqbituziLImtA1GkN/s1KtHIbzIBWZ1uwtMOHaApRrofpDIOL9uJv8UHYvD6vxP
"
2025-08-27T22:02:00.000Z,37.7884833,-122.3857,"<I12>kdSPy0lJdXQz2O0xQLAYqHmz9g2lCKU6SR1QMe/SOTHJvV7Ryrstoa69I3UFucp8V59yqaOegTsyUBwe/2ORhWeNYYV2GwckLk4dUMHu/A43oSI3BwBMGz4U0jlAyUWOs5C5JhmFKraorUp4V/GUHUWieeBqeeneZzVxnybdlgq8dEVtHSTsW4Q5OqgKFgloedjX3Of4s9UnuMlu3iovdNGX3R8gujvtF4xo55aMyA+nTJntPWM+pgqv582xME+3T2qAmj4mIvkQT1aNqc3YId1YCMG/r6RRpm1scwShfk4Q
"
2025-08-27T22:02:05.000Z,37.7884833,-122.3857,"<I13>t3GjMs9RrxqmCDE2wuki3uCFMm9UPq2mtEnq10km90+98G+yfIs8m1xpw03jshcBB2yfRzTdJG8TM3YKBFCVX1yi7FikRvwKbs7Jw3uQIIdq8k5fvc6K0Ze040PGgZ5oMCfmhGe9cmGE8TEZlEu36qHLgRtTJ3dIJ2gvU3em2orNhImQ70MWJRpBFK3kv7bPSUv/sMZLVQsSHyPb0U3fmgQhbdNoqhJihmFCMtOyD6rDeYNGJN/Ih3BDITQgC8HhRF+w2p6y8VyK709N6EyhfDr8QmMA+XexTQOcNfFFVlS+
"
2025-08-27T22:02:10.000Z,37.7884833,-122.3857,"<I14>q9hYSBCV9qUmEgNTXvQEZmVNldoVgJ0bdy5fPSSPRh43kg0Yy4aBQfmufjozK2NyjVydJb17kkSGb17i9AZVdkAoTp8tqGSYNETT2jFrbZaQPHd5xqcN6rJ9hcCXQbzy2K0QIsZLai0gjB9ekCSP2DN+/+Pqs3M0H+tVRJEzPRwCNcJfIZ4mi3QaV6W34aii0F+I4wk+lmREHPq1kZx+EF2igcNsHrEpHkA+f72db6Za6aTaQxrlptbJ4vxSgfE8IwDXPoXqQpn7tRMUNxWgwj3RTUmn21nxR78Eq1989EX9
"
2025-08-27T22:02:15.000Z,37.7884833,-122.3857,"<I15>odzZmAhiinOR/KieTe+8jYM49fvk7hBhPEE/oFt1BnGrt4qaOCnHwyPfhti2POf5kLdY8G/ar6Ex+FXL2Pnq2SyO7/WCL7QQHKKdun/o+dmxR+jFAHwn9DH9ChEBeHoou8627CWXwRdEzJqYRqukaN1rHO/2U1gD+V/fZscZ8zxE+Pmb6yjKHVpDiafka1rwIOEiNat1gcRXTfJqGQ9zlwL9L8cDl1OUHaKWo/eUfU7QW/PSc7Xnk1tjH8MQ/YDJKKiTSyKoeJB9W4kiNa2QCgySVegS7gRaUhdrTnCN46Ym
"
2025-08-27T22:02:20.000Z,37.7884833,-122.3857,"<I16>X3RNaPO7jIwXD/b0VDNq9v3DmJBUW6SgXxc/6ECFLIea6n8XxgzLKZbar9KNjJd3EjbgK4uHTRChYoS1cHE9IQFvX6dc1GGPpx8hVT7N3ebqJTCluUSKI7BNM3SktDRtFG/lXoSAoYBIdSZwFZOZFWGUttG7FTsm5lklGXXN6+x8lDgVODrH9Igzs72nTIANq4oH7NncwMPrYglKhNAcKub4ui0jWnkdAYrRaDtcNGVAz234iYOXdSxICCHWzREQOVzE0BQ3XKgQeJGp4akVTeyIh4owoToJZO7U392y/lZd
"
2025-08-27T22:02:25.000Z,37.7884833,-122.3857,"<I17>m9cbFsq1gUlw+CwDRC+jA0rwBwJ7Irs++yG+Yq7xJwOJQXU88SJHFqYyZgl/JKNm0gcQBDYgz360KQqC5ly6GJdXkxfLh+1ovhBASOY1074Lc7N0oWbxy8gxvt6CO3GjCcN5Y+fh01g9gA6brMfSVFRyKi9SnJ6x1ITnfLot0D1wj+H0czGYFMOImcmTsCALH5nCUvXtHyvrkmK0xR97diF8l3Xf/29YxtZgkCACflUrrse/qbdAc36jlRy8hDYzib/7blJp7kkF2dJ/zeMiTeO+caphEJke8XitoshXzFiH
"
2025-08-27T22:02:30.000Z,37.7884833,-122.3857,"<I18>sRmoZguqH5KBvEcSKi9X2YmZCgxYXG3Q+Ttmt3+lvncFFeJvg/QGibB70eDACHhnBC47bntiFNioJwRUK83d2eMS4t+qzwh8FY96JW93pRQh29lZwyq9js6gegpV4Sazw7pMFp4DEqlzCOWQusSkuBivWfjWHKJJKrEg/CCLbLKCqJvtWCzeLDuniLPHOnxut+IwyL6SaMCCO4tO4Ye+DBfLdOVU4DVnSTmqL1YNAWpMDd/nEt8p3v69c7sv+o2q2LPUtc0r9OTrlc3Qp/HuKIsPKkn5FMai8RohQaD1hQxP
"
2025-08-27T22:02:35.000Z,37.7884833,-122.3857,"<I19>h+baz6UeNRrvOPEWz1ECek76DybUri5FUoy8qbDALZcUqczPfpgbe40ayg0D19lxenHR7jFCHdA+D7rUD3S7b97Zl/jj+yfeNiqMZEUA70yXjJ5V57k/AtQgfNPNGOtugOHmGvzkbNmgJfxZx2UVwKUgGTxT7sYJ7fJ2vCyK2ku1TmtvjDXBFvf/8EMV/zwX7jvKQ3DfaDCxn2FiAzTw3bYQd1r3ZAg3EVnR+vdkYEadpW/1H3BID6/haF/8glfCRInfGrk95FFXgo73PFdYtp/5nprdMfgXOH51pGsvdjM5
"
2025-08-27T22:02:40.000Z,37.7884833,-122.3857,"<I20>Y3lKMmIBat21rnuwgsyx6yhEfBUW7tV04PHSbcVp6bORFQjPO1thj2grCHqQhQGgp44A/Rneig4ZEklYtiqocWGalOKKRpOAga+aLPyzvQPFYs9jpcXU/4B2ZDlWjWKJj8oFMFKIMwvB34uBuGZcC3zIZCUzjxi5KSXwLen9CXS7GMIhp5ugSo8c0DEHZlE3AoIBgv7feZLV3Umqrez5soRA7jg035yjyZTi9GwVqkDO4sBtmbxCZrvhcQNhNoa8rRb5IaTQjZk99Ox0SfI/dfG4au3k06qoaehtpK0Cftkf
"
2025-08-27T22:02:45.000Z,37.7884833,-122.3857,"<I21>JJIGgp8310C5qH3cZmBSMk7OjfePWYom0x8IXZZID2EdLc0q355XoS4am1lxoH0TgDDetGweP0gmz5laTwTHJ0meizyyKaF+F7I5ZM08u0OhcTHnj6bDdHXY8VHxIE4EJpuxSbqLtfxtx4aS/u1GEmWrydADUOTPH5NwmLW3D/6NCB7xAg4Xm/1px396RxGEXF56cg0SoDP2HkyhKa9K1RJsUOtCcEAMXRmLoL2gJRYINWjh1mQxWHYEbnytYlKO4p7U8VtNJyuVZJOSMfDgfY8S/yv58Cj+KR7g8t/AlJPD
"
2025-08-27T22:02:51.000Z,37.7884833,-122.3857,"<I22>h7XzP5kbN3Hr+75eZatTJSevBIns0gTexFGFFxkEShllgPRTdJmuYeoxX5c1y6djroVQLaxS1tYoj3jtqkna+mSWkrjfQTb0ctG7igVq/g+Rekm+DBvrqVN0YWOXYNGsQ0XrsGIt3gE20tkZUsRCcrBJ8Pec1wf4WVLT+F/XlXe66lr8wC0LccDcL6Ed4CyKogXxZOpyULV0BB3S//GdM7wqjhd9qc8alakOYja/V65uVhRTN8AW0HyJW9HuW489fAyLUK8BoNIuK+L8TD8GscTFyGn7zjViB+zo9/s513hC
"
2025-08-27T22:02:55.000Z,37.7884833,-122.3857,"<I23>Gmy8s6PZEWWoUZrS/oHTnokDT1yOgToq/DtgnXwS3BP0WBjmArP0mcK3gijujmDStD5EmIfsRef+7uwGtu2dZJ+tIaAkyH7nmy12sRH1mPDElwXJJVEIayPjTxpJGgK45tS3SI1Cc65zEFvleJS8fABAri0MXgy1JwXWCQ1+mnRHvOXrPPmfY0PZcT9IsIV4AAAABkV4aWYAAE1NACoAAAAIAAUBDwACAAAADQAAAEoBEAACAAAAIgAAAFcBMQACAAAACgAAAHkBMgACAAAAFAAAAIOHaQAEAAAAAQAAAJcA
"
2025-08-27T22:02:59.000Z,37.7884833,-122.3857,"<I24>AAAAUmFzcGJlcnJ5IFBpAC9iYXNlL3NvYy9pMmMwbXV4L2kyY0AxL2lteDcwOEAxYQBQaWNhbWVyYTIAMjAyNTowODoyNyAxNTowMDowNQAAA4KaAAUAAAABAAAAvYgnAAMAAAABAHAAAJADAAIAAAAUAAAAxQAAAN0AD0JAMjAyNTowODoyNyAxNTowMDowNQA=
"
2025-08-27T22:03:03.000Z,37.7884833,-122.3857,"<END IMG>
"
2025-08-27T22:20:58.000Z,37.7885,-122.3857,"<START IMG> filename: 2025-08-27T22:20:05Z_image_compressed.heic, timestamp: 2025-08-27T22:20:08Z, length: 24
"
2025-08-27T22:21:01.000Z,37.7885,-122.3857,"<I0>AAAAHGZ0eXBoZWljAAAAAG1pZjFoZWljbWlhZgAAAYRtZXRhAAAAAAAAACFoZGxyAAAAAAAAAABwaWN0AAAAAAAAAAAAAAAAAAAAAA5waXRtAAAAAAABAAAANGlsb2MAAAAAREAAAgABAAAAAAGoAAEAAAAAAAASSgACAAAAABPyAAEAAAAAAAAA4wAAADhpaW5mAAAAAAACAAAAFWluZmUCAAAAAAEAAGh2YzEAAAAAFWluZmUCAAABAAIAAEV4aWYAAAAAw2lwcnAAAAClaXBjbwAAAHlodmNDAQNwAAAA
"
2025-08-27T22:21:06.000Z,37.7885167,-122.3857,"<I1>AAAAAAAAWvAA/P34+AAADwMgAAEAGEABDAH//wNwAAADAJAAAAMAAAMAWroCQCEAAQAsQgEBA3AAAAMAkAAAAwAAAwBaoAUCAKBZbqSSmubgIaDAgAAAAwCAAAADAIQiAAEAB0QBwXKwYkAAAAAUaXNwZQAAAAAAAAKAAAACgAAAABBwaXhpAAAAAAMICAgAAAAWaXBtYQAAAAAAAAABAAEDgQIDAAAAGmlyZWYAAAAAAAAADmNkc2MAAgABAAEAABM1bWRhdAAAEkYoAa8IRQoRA4D8nOCnL0csjiD5q7i4
"
2025-08-27T22:21:10.000Z,37.7885167,-122.3857,"<I2>2MCKYrDPtmjI73icW/sG9oNSjW4Df1jWtY6N3Np9qTQiZOGecEuJYpbV00ECPFrcWqm2/T5pePKbgtd+ELe6dBjR4QmuH8DmxrVckTDJnYb38wAJfu3klfO3MHUUe1cvZ1/ulFooS02bf6B1RzAhlpT84RnhdCqm1xy7SU6mBVc9UQ3N7skFwv2OusJoNKxGcBtWsadKLTvVNvzheFR7DWp9zhhDxb1uUmdO4XV8WmyueWVcGp6PU2eASkrPovC+bKb4pluPQpIJLSNX9sYU5mDBvn9F3YjX06RDd2xH6Eed
"
2025-08-27T22:21:15.000Z,37.7885,-122.3857,"<I3>QUvEO4VnHJCKOwUaUZxniS4CNJl34Ai3FJqPFNBUxQaK/ihgQ0X02gxuiL8HBPqD4+kZrhJYOB5zAJSAZmGYqxCff4Y3g9H+z7DOeBOQ511yieX+pxGhBexpGHdjSgBsWzOOjOiVzsUQsfKmXIGvEYFkDmJxFqJ2nuwt2pHSYrYyv5gkBWYnwbZWFJMzfn7h7Mq/0aQ2hHzOm4K/NQuKSlHI9hLaIx38GrR+6bHkKHYmowlcxg2xnpEqd1UKwi+UzurrU5njSWSgE1ruODYcHNyHWV0dOEUockLDT7T/jKUg
"
2025-08-27T22:21:20.000Z,37.7885,-122.3857167,"<I4>GNlGsICPe6Z1Ny95RJeSGfHy1m+gqT+pypcA8Tu81sNqnDqoZ++fZczrwxdI3Gt81Ve4xh+P6ZviwjJC/em1heUsGt1l9thu7RbhVpz1HlcKM7BVn2TbuKOWECkrlh2JIQKCwr7KXt6hmsfMkSJPUqJxrFgtrZcKS56UtcexwK+873ju5s7DeqLRXc5PHTrseIIoh0ALr8TfiwMx1cAr2ySjVlMRAeDnA7LSNCR8EGZEnukkmbs5PQ3rPBsjBzSSJIQH1et5hJGOmh1pSiG1io4bU5YzHnNdTIjYRBA8aywT
"
2025-08-27T22:21:25.000Z,37.7885,-122.3857167,"<I5>y8FXMsBYVvTJldR3YMhcb+oQpth8j5gxyBklUEXQz6FbeoOikEdPHnxdduSmUrXsVYhEDkcGU4KhRkhw2z5NKcd9B0j4iEQ0qcGXNkR5MZzDGhqRgsvyqe1Bqq6fhTgkIbuJYYJxstp8yHYVvMqNpCLl/I8ddbRCc7dpRNQEsG6vlLd0ImbP3AXBCiXROcNk8LuBW9/vWbL0tZPmOMjHODOVclC583V4cy+QAYLyXTlZNnHP5HyQA42s+EYJ/4hc8StOSzlp6IPdY2wj9IRG9OF3SVFJMm+fflYmoIKgj6Kc
"
2025-08-27T22:21:30.000Z,37.7885167,-122.3857,"<I6>oBTTfX+IXLI8k8k0Owlt1vO0ew2UHX68zzD1xMOtAB3wGuGK1NzaeOSdgvUJGj8uQCW4Rd8I2cuVeP1f+rLUzS8x7j0f+mM0tx2eDsRrjTIj5WKXtU7Vq7c13hDvLMj3xl436Yt5TDcqzFYerC3NnP7zPqiw68Ex7hvLfjDPXexSNledowIU9qB4G+eQLf/+kKIpidOmdIFA8lp+EqQsE8PAt52FSulr+cfNenYOuatjhqeAZkhhNt85T/4G/hqn2vEGAvLhmsfJZUiP8ly4HmYz5+AYWlp2QM0gZAmclcTk
"
2025-08-27T22:21:35.000Z,37.7885167,-122.3857,"<I7>7kUQtRJ6S5M2cORv5vj5yguK/SFxgTfwDEEHgXWJe+3atgdWH2zD2sQQ3D9BbeBaEoGCWJD2KKMhAXwQ1Sa3lM7UxfCwcl9nwBqjAO9F0yat464tGk4+Dmcu/mLSFUccDi1S3ZLoA/R6WoO2gCBHCGDz1/pejd2lbnC6zDdKI0d/AZH4CDBzcTkKWiLPb7D+XM3fNcS7L8YUymDiaHcworKLVdFF3FvMZ0Y69dNSqQDqT7m5YN9eHekakqmOv2vtkUzziPwhbbKildDpm5wytNMS/esHHkWGd7l73WbB1yMl
"
2025-08-27T22:21:40.000Z,37.7885167,-122.3857,"<I8>ngKGvhm9iSBgOrVkPNPnCCertZ6XH/5fZp0giPGE/7UW7QsrOo3mCx77OYDqMLpZen6flhmVoApKs90S3URPR/15y2eu7AD8henQJfNqeoxN3OorNaSu9SzMlDM4HcZpEDDP1j36PfXjGpvsJGV+ELIIReG+aA/kQeuSekqkpw9N5eurl3lP1IEItcKdIPOM6I/2xvO+A5oR/doq1qcVa6K59PSgf8e5qFPcOxWTmxr504X9xnVTQJBdyJo74VOI5NwVLxye3CCi5YBD56b+Y1PyW7gTMwRL7TY7OTJnlJI8
"
2025-08-27T22:21:45.000Z,37.7885167,-122.3857,"<I9>qXnwjiKrv1far2Fq4FcIR9fd6cOVuTV0B80eGw//GMEvPmB/IYxvgjdv3652Mcpfz45MeDWvRsEPqF3oNxc4z+SNxKqz4xDQwLxxwWOP5oqGiwlDgz0ANuNN9AYA3H3QIfLM9DBraQQp3N5SK/aQkC5fGykek6eOz9I9A+2V1lBdXDj9+s7HDPQdRLf41sJvlDzBmVqSTLYWHwyrC6dZyo4/dRcmRgVcSB7xfTUHYKZbdBRZSptNrmskbtIkipKC9nj8znCMAybp9La7jJAeaSGMqCEvuMpqQGymiJ+HVlXg
"
2025-08-27T22:21:51.000Z,37.7885167,-122.3857,"<I10>mig3VGH5LdpEa+1zacN2Eo9s3/qgGQ21+9xONidfN6sQBZAR4hTstTr9AKNgg3wzzNYBucbMhmakPoFMMROw2z4TnNCgu9qMrRa/ormh49QLEM6IuPZobJIkBHuaYNaTOycdf8e2LZTq4GlNIrFDeOmIPKFTc2aEUVlJ6PwVURullMS3trqnnSDNO3bs+btIt1mJYz7r/ZlEuMfX9T9pV6HY1Br/du8L8/gqPaRMYBhs46Q6i4rrvUHG76CrSCMdQOxcU949c5Gg8xTgIBK0R1YK2H1KnzP1y9pg2mVpsuoj
"
2025-08-27T22:21:55.000Z,37.7885167,-122.3857,"<I11>Yp4REEFi1j6nzLW4elnNC5heDJXktSyUVlsKknSOUJkAhyHoXCykbITFc8yUgNWFlTCtoTDDjTE7tTyfywv/lAdWj33osRfVGzXWeo4uaqyczI/AM4jLudofY6bd1vJLE6PMfcCbEi4WadXCbc7HXQxv4qrvbvQ1CtdyX2QgVS+Z+oCaHKbAMsZhgU8qiXS26zd6sa6fKUcZawf9l+3ZHUoOvbkAFxJIq+eRXIv9A1KNpEFWmJX3Mj+M9TIpqEYEZEf5EtiX8bMbx5a3pM209Dvs9SeIUdL69s0D0uMTdeQZ
"
2025-08-27T22:22:00.000Z,37.7885,-122.3857167,"<I12>FG2+nwqWN2LZ02YgzXi5wZtay/IQk5TFxuRufgJM2ouldPq1C9ULw77mHOTspS5M61w/clxYnrdM51H67MYF1QSgkBFiRobST8z1I+Jr5JgIKi+8bgw7A3oQqSwXqZt2ryDIu1RLoa+18P2036rbkiuhvNo3AEH7aI59X6bPvJoReyOIWdVsLArhjdvS3tVNErkDa/R01brpIO2RaeJwl5No3gPofmcqh4PkYBRTgsLoH0TtoDtbH4NRyNNLCYLE2PEAQTsMZ0LdmJLEn8o5TnSjbfhXxXRqte9KYWQrPa8j
"
2025-08-27T22:22:05.000Z,37.7885,-122.3857167,"<I13>wd840eNl33VQ1Cs56GMEoj4X/imUqYx870XRTLCHA9kAdH5Hvkhr8JrGU18bRJoAe7aJMULso9xx5MBM719PnWmwp7dXM5R7Rv2XQpcWIPww4BigCubQmEFtia7yiiVyxg6WUcNN2Jd/HKnQavVTaBs0NiR4zupr7tT5khiQI8WOdAJDl2NLZSZ4ZznCi257NjfVgrQnX/7esyLX7bIG9sJy8ZV6L9SNuFSU8qaesHJU4jKnJVS5TD2J7j38CBY0kDDcalzrVOovevsR358cBGOWUCQum5+njrzOkIoP3o42
"
2025-08-27T22:22:10.000Z,37.7885,-122.3857167,"<I14>zZSRg7alBqnN65qDIEeS059qFJDuMxxPxOo0kFbTGQ5+6FmUvDUgAz1fh2qNAweol/1E/u9j8ZrOAP933FK5Qao45/vgllGSgkJu2hknNKVf4AUP2Q+YFeoYY3mJ96G5rrcOMnPEfQ5PUt2QTH5fmETY7UKXTZefylKDvgGjHwXdxX7ebkOTl3qx3dGW6CwQWV7AjvLRv0eUR5P5ksHXVYuhb8UWt9/bpnWatYinNFc5DWAiLDGuDw3FKv4v3j6pGCGtFtURA3B3IwJNxZzv0LvxT6i6QTzQQY5w8xPo7agW
"
2025-08-27T22:22:15.000Z,37.7885,-122.3857167,"<I15>7ZnvGcFIc/mO3mJACQuHmcsgolEaPoNkduYNVoA6UziaUHx9VrlQx4Z+JdriccPoS74ftB9KuNU9PURVF0E8dOAqALUlS1/Gps0ulEJkNCv9sLjshHV7YCp10kPCOUjX5+CkJMOZMDXS1N9jXBMq27nMwSKFv5nUrpnULvOa4kzCL9Nb3XkhC1vFz/5GrPpbPG+vDLAJPYkMFaGp88IVsZQw09em2EQJIzh3IqtKBiHaYORfZeCEgeySToDIl0MflOF3mbzQmoXLniITR4mTcwEmQuE/RKnqJONXATjOvhns
"
2025-08-27T22:22:20.000Z,37.7885,-122.3857167,"<I16>CIQiJFTYU6rkPFU+Lr+12UjEd80zyfLSQExKXmj9O997rAE+TlwgUPPvO3G02ORwjji48KVpalIVC4n9f2HLST7wxu0KysD+Kwvf6jNBU2lfFSV5JtLCMjhLjuCh3iY9156gzX72irLvKp2oc9x1CRqqaKFJWQS8FAA+FtJT047x4hqhlUPo/8wS+osR1dPeG1WoiusXWyl1Dj0cHAWeAPR1dr+/wW3Xg9uvfHGRireuFje2e5+iL37NNYFJYWQbYgDJSxpy0qi1oDRL7uH6WWLSkF65bMBMEep0AjfKT3D3
"
2025-08-27T22:22:25.000Z,37.7885,-122.3857,"<I17>nnjCbnlaOt1/7lWJgvLKL9wQe0RpLGCDLQ4bn5qzJJdTKEHHPPgmMzviOAeH1SNYhW5YLDkBr/AhxHQx3xz/hQJm8WBbs8qm3LSBY24WWuGHBQIc217fwlafMIjx1BSjNF7XEKaHQCs0GlFGyXWzypOh6HJySYML0qMZD1O/kMZtcMpcKt8ak7bcna4SZpa3vjNNwbknIwRDGCBfaSMYrmisOemdB4JAC4F6CPq6+RubH8njBrkKOQOnc2fGwjlDWfaSkXCB6qJHyA9cc2EJhnOE2R/a4jymVPiJ9cj2M8r0
"
2025-08-27T22:22:30.000Z,37.7885,-122.3857,"<I18>r0qUXiW27dp9HGdenAqfcFOHN2sTLEm6PNy6KOgEgH//anGDeU13aY/eNx+t/GokJ9owj3r5p2Y7j/QgN2m7Hug4vKZr9pDC3OQpn6XbcmViFYyiHTHYqBWZjWz+2lfhhhyXnfqWNgGaM2yuSH9RJGjdOaMat6o0TXSv7RIH5jCls2r2qOj7wtLKKxYffPiRk6VrYJvbK1fN2kUqv5M9aMTk6YdJKvuUhKT/zC9sYi3f0teVygRWDBV3wBCKw1/m6mz9S6Iw5r9syqdKnf+2B76EWmXEkYuqCXtaEWwrIYSt
"
2025-08-27T22:22:35.000Z,37.7885167,-122.3857,"<I19>PdOwfW4anr+5SVidzV+xRyWIFIlTojbT9eoNRRcls3kOgzoJjg+sXjXwHO1pgQjcOxCkXwl335AUHUlt5oXM7B3IF3wIxTr9bpGS9dCz6sqO4fs/Ucxzco6lekozlnuOpPv+hqn7wNlUEy4P8T5jRaDjT0Dv4/zJ+hTYIRoYgIdUj6yM5WP4zCs8aAUgN969plJTVsgbwWmnMCM2iqoBH/tAQSzJ/BKOpMgFxi+LBasVcas7qL0K1Zz01zIAits6PCEVL6wdtZiqFUF6/o+MeGeqrhbUilnfRsl7K8WqUDpl
"
2025-08-27T22:22:40.000Z,37.7885167,-122.3857,"<I20>s0L1/4HcNmazZfAlR10BbVrN7P4XzrxSwE3E07wmwFqoAaXP+mTQ3silMvCd5SAIGBTZQqGA/5AfNBQZ45inWK0pWoDSjmfVz/ka49uPqcVmVfwbR2IvWMTBi/tMvWOFeIP9/HXZO5HZyyj35K8arwW+ckbv34euMPK1X9kRGb0JZEQB5UqBP9B7HoiZnMAnXOJ+yR1Vg5MN9vKRqRbNq1usrFKU0WGKKspsk1XwQpKNMsATX4Q78w5fdTNmxkD8GxOfr0vNOR6usbfm8PEm3uGhEI34JaMQw+ndfWYBZc6g
"
2025-08-27T22:22:45.000Z,37.7885167,-122.3857,"<I21>HeoGIamoVsfwbi2A9U3Gq8eK5Ov3XbKi6ZSdwsX0EqSmoi3N2WP2kyZhriiLwMkHODggrZctcxkKxwXXaHa/vqhpNNF7X2aaiIAqTxyyQurQUqjMHP2cBReEgYzSUQcvO4oxdfuFNT+R3btTU8tHEdC6H2K9gOcggQQmwJzB/tjdz71rK02yLZZj2p2oa7R91UTqSQhlWpYmzktMFdWW+YhFR3Myl50MZtwprq6A7CcS3N3BBGiVzKWcHlArfw4LEsDTn2QJQtRkIPThGavkPqccK+HoE5MuPlXh6rHZV47A
"
2025-08-27T22:22:51.000Z,37.7885167,-122.3857,"<I22>+6HcXBtkbQARZ5cCz6cYF8xZA35wf6ucsdK9ACAt4f2pgzKCKJ9rO/qsNR1f2kHgza/ZtKpEIR/T23/xo68myKjJr+C1QyFFx1eKQ6rNFULIzSrx90Kj15BIY5Z4SKPEzFnA66cPd4iLmorBeO/qG5m3i+Sidm2U1JeDoUR6pIGNtb0d3K9jtOoSP227HfHyl2SLXA1rIFYF5S4YAAAABkV4aWYAAE1NACoAAAAIAAUBDwACAAAADQAAAEoBEAACAAAAIgAAAFcBMQACAAAACgAAAHkBMgACAAAAFAAAAIOH
"
2025-08-27T22:22:55.000Z,37.7885167,-122.3857,"<I23>aQAEAAAAAQAAAJcAAAAAUmFzcGJlcnJ5IFBpAC9iYXNlL3NvYy9pMmMwbXV4L2kyY0AxL2lteDcwOEAxYQBQaWNhbWVyYTIAMjAyNTowODoyNyAxNToyMDowNQAAA4KaAAUAAAABAAAAvYgnAAMAAAABAHEAAJADAAIAAAAUAAAAxQAAAN0AD0JAMjAyNTowODoyNyAxNToyMDowNQA=
"
2025-08-27T22:22:57.000Z,37.7885333,-122.3857,"<END IMG>
"
2025-08-27T23:00:58.000Z,37.7884833,-122.3856833,"<START IMG> filename: 2025-08-27T23:00:05Z_image_compressed.heic, timestamp: 2025-08-27T23:00:08Z, length: 22
"
2025-08-27T23:01:01.000Z,37.7884833,-122.3856833,"<I0>AAAAHGZ0eXBoZWljAAAAAG1pZjFoZWljbWlhZgAAAYRtZXRhAAAAAAAAACFoZGxyAAAAAAAAAABwaWN0AAAAAAAAAAAAAAAAAAAAAA5waXRtAAAAAAABAAAANGlsb2MAAAAAREAAAgABAAAAAAGoAAEAAAAAAAAQQQACAAAAABHpAAEAAAAAAAAA4wAAADhpaW5mAAAAAAACAAAAFWluZmUCAAAAAAEAAGh2YzEAAAAAFWluZmUCAAABAAIAAEV4aWYAAAAAw2lwcnAAAAClaXBjbwAAAHlodmNDAQNwAAAA
"
2025-08-27T23:01:06.000Z,37.7884833,-122.3856833,"<I1>AAAAAAAAWvAA/P34+AAADwMgAAEAGEABDAH//wNwAAADAJAAAAMAAAMAWroCQCEAAQAsQgEBA3AAAAMAkAAAAwAAAwBaoAUCAKBZbqSSmubgIaDAgAAAAwCAAAADAIQiAAEAB0QBwXKwYkAAAAAUaXNwZQAAAAAAAAKAAAACgAAAABBwaXhpAAAAAAMICAgAAAAWaXBtYQAAAAAAAAABAAEDgQIDAAAAGmlyZWYAAAAAAAAADmNkc2MAAgABAAEAABEsbWRhdAAAED0oAa8IRQoURFEgm9/kjf7ZYiD5q8qu
"
2025-08-27T23:01:10.000Z,37.7885,-122.3857,"<I2>JGS1MP4e02kRAW58/pBPp+akuoTOp9K1s9s5/ores2iKZRMqKisnwDpg5iSiQRDCB7kwUkCWhGybU4gAcOgoiQbv/MoLphJsyitwRT7Gsgk+p4yBhLecHU0gSYCN6rGSLEpZh68TmglUEP8iutzHo9Z/kcGNQk1hKmdgQNwgg9v17GGjE6xRJ0uCC8vGBZPGu6Gf4LPZh2pllhn3jN1nAQMwLYGnTzNnSnVrlGzaqLmX1P8aX4bN+zRMjandMgJr5ZLEPgaf5+BdkJI6TKHhRhr1ZMXFzoVaHwuCe2AWJf/j
"
2025-08-27T23:01:15.000Z,37.7885,-122.3857,"<I3>+txQy1Q7E8zrVw4sai1jwnAfq6ZXIjuao2SGFdIcWhl2fPZQ06JrfwRizFaWW2fbcpRfC7u7BFYsIV9OJl1AfjsrAr0JIdUPfNwbUy6eB5OgT91BW5/5j7YKrEu0ytDmzV4PVnnuJrz0ieccDaGGoubprovKng1+ixNBczO41rTaTMI2RXx3vkraKeUPvEpkg3t5NFD6osJiLLirNOGb9AnRPm6hgM9rKtEFKdD/lri+oIAh9aFE5m9B1gN6Lnd8RXtbk0dfPFpHlkDS8mNGoNoGsuWrbESJJKnDk6LD6lee
"
2025-08-27T23:01:20.000Z,37.7885,-122.3857,"<I4>1/n3oTokqMu4jKmH952WFZM8iwzj0+em+0GD84f9lEIrA0LsJ5TkSQCmn+F7wPelZRm6oFrojE+CAeSyi1a5c/15cjNdrnpeMXJEuCtqiN2bB63g7MX8z17Bc2fI6AO3Ww8D7/TnoqvzrI4Qz8Ptu3uNJCjsAWUORMn9I4pnoYEbcAX8rU1ke2Pp/v+Oyz/JG0mbfpFPyKc9T8twuO3v4gatSBv7zglcjp8NVigeaR3QF37SiIUFrRQ3Ioxgs8pYx6Zh47tB0Y8o2gp3dyDfFelK9TXSpgh4Lpewlo9Jh0BI
"
2025-08-27T23:01:25.000Z,37.7885,-122.3857,"<I5>msygA0r4u8f4coLxMG6/3wfASzfrs7lhsl3zO2yI0HC2a6RIfKQo267MbizQoJoWaTuJjxyegpFRLRRrYLO52amSG0JDHv/SpYEfg5Ov0hFh9sVqWl05ML4ql50fy5s9nGl6rttCHBETuRpFPaf9AMVF9RhfEv5IjwzuiHAnulxa6j4087ds2fEhD1blM1dgw4EcQq7RwYBSOkGA+rsbS/9fDn/uwEKdIcrpYjnUGPR6VClcbwoCw2bWxVoexcuAducvoRIJaKmu62t5+Z2G7mZi43E1kmiymb5kSoI/ea7H
"
2025-08-27T23:01:30.000Z,37.7885167,-122.3857,"<I6>tjzw2ZlcVfdzbEmPmX1gPFTUcEvl8USzFtCtzZnEUY/XjSkpZISK+L+AZJRMuAdWGzN9j8aPK9pp7vdqOvgJZ24Axn6NS5TM+7y3OEE+ojqdzrA8KuODa0TVnOqVpnv5hDqRAfk2Igp1v/igxZc7Tjbu9zwTX5MKGglD7tcTt5p4giyWIuJmmEWAtrnmt++tdvg06s3l0KWcSgMPixMJ7zMAtuxf65lXxX23Yeb+/vy+lpJ3u6svECtPfKFu4lF0HIJ2aYZNc1QYP9oMl4CFtAtLc3naqU8OZnlgufzFPJHT
"
2025-08-27T23:01:35.000Z,37.7885167,-122.3857,"<I7>HIYi5YkMmU/7zyXNK/vc5oc6+ZZluIaCGyeGZfD79pS7xpP5OJGCX4nrpi3jhhyYu2SXfTP/nXAgsPxoQzhalAIH4QcfQY4HN5gTvqaRUPN0kzwVJQ6gdxODcyKXqZIJyX1zCP4gqUnbOayBwFNUqjTFGihsWBLHEMNYxwJu9izmGsKr/cNttbJ/kBR056KZk6ga8Dus3/YaP8NTjJzaTIORsEZWmKm5IhGuif9aJR84kxKHGoaEcPPP4Fh5vVINIzsu/TczwtBHIaE4xe24oSVeUzRMpBSypdPiPwzZUSgl
"
2025-08-27T23:01:40.000Z,37.7885167,-122.3857,"<I8>+MEMS6LUigTaF//gqDqvJrJsNpkW9fV7rJ54pjSOejxk9J+D7kV2gFDhlXs7v1aethM2xSCstfTOzd3FHZ0t/9/hcQk/butohItSGkwCagRQrG3l3iR7tzOxZU3WPXlHAUFnR7xDDo2Y+zfw/vfPHIrVmlUE2CZkwRMl3XoZf9XbIm8g2z90RgK4B+TnCufWTbZhNK/90treJi64Kq+YMSpoRLV+PAGcj1GzUW2isoLGqgpHY+Zf53V9B220e/z6zuIe96G2tDh/bws5uImx4cUjeKBZm/Ckg/QT3Vvp3hUw
"
2025-08-27T23:01:45.000Z,37.7885,-122.3857,"<I9>1Cf8qq77XRmwr7+g06+iQBYq75I60myXBQthJJEAnbhKyrAJf3vtH12rSAH3uh7KVKkIHAstIjwECPcgwy/dAJsYzfFEq4bJoIkEF/NuSWVzW+qil+k23xc0gS7veCdc3Qzt169PCqSRYP34jvilp6dulJGXbRR0QU5/c9pUEIXhl3mrB0WQ9opdocEBxYzmYohcbCDIhWNdx2ND7Ep9WAY6cDA99xv9mDBlmaL0JArwUj7uz14Ku8U75UKq+xELYzVFb6TuRd8n3rglL9LCn6vkRWYRvIDziRaCmyVpfdeC
"
2025-08-27T23:01:51.000Z,37.7885,-122.3857,"<I10>6m8sfBZHz5j02QKs8Lk1kPmm9h+HC7Iqn6B4qxxYoWFfefhKqGghgwdVXqIg8TRmQ+cN17Dq8aB1wKMxYpbiqqIs4YD61gDT2iadyZj2bY1haS4YfpkICVy1UZFpDUvS6VqfwUQ+wzFKiQen/hdHNupKLCD/VW7IUYkRFGJO2qJjmOeo5AtPOtWHCGT9rW0l17F8PkE6tXsn+sjraQq93b41x3l9NiQa1as8IiFLrweLeRvsngGK30HpiqjrD60HbV24KoGVUxYTxueNzO+Fjp7Giu82TvXu5OEuEYVuHq3j
"
2025-08-27T23:01:55.000Z,37.7885167,-122.3857,"<I11>nZOR8N2YjqNNTWSi5Lpw5b1MzP1tKegvDHx656gd48ijZ/6M5mQfSGWDGdvO35Rl7DBFBIEGY0j7/ppyS0g5grLqNDg0dDuYwozGcVxi12Ym0Q5Y25seUcd5IBYQ5qKMOviWwLiPFk/78KEc1gEebBAziEnBMuXLK8lzuvtumiAUIXi7CunKv2bHSjGc/gwVzzTFVMToggpexwDpxiE68TlEcAuXG6zVjfh6SkTab8Y1ybMLI08O9EjO1THaHmta7cfwQerwiKr+ZvIHq3KQINS+Qo5NxkAn9iItY2sLcdnO
"
2025-08-27T23:02:00.000Z,37.7885167,-122.3857,"<I12>eBrj8JIQD6Xsmoa1b2NiCWeES1cKm2GzQiodqAPKA7B+u+awuoRNE4cYOuI6YmfZKxUJizIBn7WoTE/FmZMj+zv9KUF+XBziOQvxySfZIuh7oQd+Y7Q6L5UCDIrLi46SqBb2SdLi9JEwX6Y1YyNS39C99dC4TQbXZFVx9BQE2R0Xu9CZSZWtCi8G+Lbjhxqe1DEz/NmwH+XZ8R1lKDCAHZ1KlwqPjfciavNYIM2mWC0WogkhFYAh/LAlkIbpcZwqw0SmC9y8TIAomBVhtdSHSRUvcb/qKPhsrdjFnnOVkw5b
"
2025-08-27T23:02:05.000Z,37.7885167,-122.3857167,"<I13>xNNrtCtfWK7Y97tph6ZRNPbXHbI9ik/Wa/cXB87S4y6/V/9jEmMTRFpeV1NMl344usNgphWIwnMi0t6Y0K+0CaYe1cwGDSSRev+/7NknKc4AGSlJDCKV/cKLisdrPY8c88OKbRUo/UjnNkCFDnxGg755CR/HBWko5sZwOhVWQaybcBNWX185soRY+xtsM5qZGgM4K/a3gAFGeemaYNlkV8ID5waysomNFRKTM9g9EBXiCrOU8bj5T3ggEd+0/wTAhjrfEiJJW7U53DHwT6HxZbKIwiNg8uTACZ1FylWnJQQF
"
2025-08-27T23:02:10.000Z,37.7885333,-122.3857167,"<I14>qqWLJ8+Ydlfh5oPsuDCxLQaoSTmFv2R/F60/W+jskFLYUtwxt2k05n143NBPhdu7bwB5M3vNf118AnIc4kZfwG30EZ5zh9nlE2wR9evX4W9ErFDNTzbxCd5HZoaMZdGmdFvHl1pnGNNbqME41lL/Ax2qWHcf+8R4TCkia2OZjf76tl2qNs3yYJ8DxCm4DP55ggihbjCtzDNDR8uyi5mVp6A1si2GH2wjTIUdGAXWV+QwWIrljl8T9tvScPysvGuA3RyhwDykU2recrXUHNS+gEIHJkjsN6by4B51mY7/IUIB
"
2025-08-27T23:02:15.000Z,37.7885333,-122.3857167,"<I15>v0MW5Ym6MnjNAimAbIIoNGMpe1Bydoi9KgAmV8P9YDtDAsyoNOG+2U7H34cqBchfHDLygOHqg5kX5jYtgsgF1HQvGKP9ANNquZ4RRXdnTY0XtmEPHjyrye7VbLUnkzXyHp3j5KDveWXS2eEa/XsIs8jhmInK/3vQ37dy2OctdMIGT1+PqwLYA12y4marfCj9UZIH3KbWrHX3N7dGO3RLdiYMW2ltHl2K7tyMdd2V6uN0hBVUzifwDGggKZQqWA2uOpdw2sflC/fqNKPK2dXnDFvj7nfQXG86DncAAKvX8JoA
"
2025-08-27T23:02:20.000Z,37.7885333,-122.3857167,"<I16>9BLAJ0QedATeNwbtKDmRcJk8el8EhEo3NryTSSX+EiH0m0ktzDgEE+s92/wyI91Ip+/+ihdmzCxEjQIXHzfpE1St1Ew+G9Za8o21g8a9n7YsfeIjKJ5laRALiL1/qCY1MRPrO0LE8pjkLOXSMi4Fu++YnUwkF/FDOHp8TFjZpAzw+f9LZ3mxrsEKOBEeWUkMcKkyeLXs/jVc1o+ZOHDiw64+XHx/ZMsz3d2rxImtb2YM49WQvwLEMlkaMfVYmLC6bCH2figma2XPpE98gl5msmYHS4bKWxlAYdheeSfJk/v1
"
2025-08-27T23:02:25.000Z,37.7885333,-122.3857167,"<I17>4ZEPJp4AKCfOIw/RWaeWN7qbhjeMyKDYtSKQOyLUpUg8/Iwef2b5EMZP84xVAW8s6n+8ang2bTOngEl1REkxRu6JLZ5bsQjurujNdWd7vG+o91Hjd27+0bDrOBNJwJNWSmJHZ9Q1PmVt5H2nw6YF+YKcfUhWtQWhvA1oafR9cbwP2crquTnkRNUB3FpxrF74a4EYXd1E/tDypCRjYBCTkvaSmFH4k3pqV1kAFLXeHqITsQoprjNh9K3PlLhiAql+znrtIjhfa5zyKZ2Pv3Tc4YqWjjHEBW3I9ITDRJFqYJMp
"
2025-08-27T23:02:30.000Z,37.78855,-122.3857167,"<I18>sNc35aqFvivkN+RwzOOzUZ0+2xwDWV5ANNLLKijtKBNdAcS9Oba9//K38RCFfXix4U/eCHI65PRCpWKOG4j7cWFlBgqNtYiyvluThaohvQBSc9CBg0D70nFIG0iZQbk6aI2lkzxantufa72eW/xYHW6ne7if9TpJthRYqDSQUtDJ+WQ3jOnC7pnloHa0LI4OoSH6TXYSooUJRzwfUkW9RmFRNTM/6cYcdvT0qIp1f0JMj0emhmeimtSyvj+dtJEMXOiJym5rr+PtSbv5tRFRzBJqzbWoZII9WdrBqUwLTnBQ
"
2025-08-27T23:02:35.000Z,37.78855,-122.3857167,"<I19>M2G+p9+UYRHuGGseNktbrYZgmnbmnTz9I3xu8vDxG7RU/oGpue+tqvuBHM1V182Dqj7P2CHE3IL9aNrTpCvHF/TJ5nr38CGaV252Xe1oXW8VNJrma0ORQPRqcL1RlrGCrxdN7ky41z6OlsAmnpFkP0ECyrF0Wzzs/0CNZL8oLoYYQkfvfu5WKX/ilQQoBI1WuwuBVYSPr980Td4eEdlhQ3Mg03qtBeQYmv7vB2v0BLk/Az4O0TQhCrguTYR+McQbRVfWwFynHv4L2dadUiS3E6gVmYMxzhEdYwCtQjwLPdRw
"
2025-08-27T23:02:40.000Z,37.7885333,-122.3857,"<I20>8Faokm32o6Fk99nAHM2mNyaXBV4FHvrERT7Apu4b0KkSiJZGn5OZEutSGSAMcD/ZLk7ujdVGK1C4qrZU53ygxKnqx9oq5dMKrjaQlsOecs1NKdF3dgAAAAZFeGlmAABNTQAqAAAACAAFAQ8AAgAAAA0AAABKARAAAgAAACIAAABXATEAAgAAAAoAAAB5ATIAAgAAABQAAACDh2kABAAAAAEAAACXAAAAAFJhc3BiZXJyeSBQaQAvYmFzZS9zb2MvaTJjMG11eC9pMmNAMS9pbXg3MDhAMWEAUGljYW1lcmEy
"
2025-08-27T23:02:44.000Z,37.7885333,-122.3857,"<I21>ADIwMjU6MDg6MjcgMTY6MDA6MDUAAAOCmgAFAAAAAQAAAL2IJwADAAAAAQB7AACQAwACAAAAFAAAAMUAAAC4AA9CQDIwMjU6MDg6MjcgMTY6MDA6MDUA
"
2025-08-27T23:02:48.000Z,37.7885167,-122.3857,"<END IMG>
"
